id,product_id,quantity,deadline,weight
1,1,10,2026-10-10 18:00,5
2,2,5,2026-10-12 12:00,2
3,3,2,2026-10-15 08:00,4
4,1,3,2026-10-11 10:00,3
5,2,8,2026-10-13 14:00,1
6,3,1,2026-10-16 12:00,5
7,1,5,2026-10-12 16:00,2
8,2,4,2026-10-14 09:00,4
9,3,2,2026-10-17 18:00,3
10,1,12,2026-10-15 20:00,5
11,2,6,2026-10-16 10:00,2
12,3,3,2026-10-18 15:00,4
13,1,4,2026-10-14 11:00,1
14,2,7,2026-10-17 13:00,3
15,3,2,2026-10-19 09:00,5
16,1,8,2026-10-18 17:00,4
17,2,3,2026-10-20 11:00,2
18,3,5,2026-10-22 14:00,3
19,1,6,2026-10-19 16:00,5
20,2,9,2026-10-21 08:00,1
21,3,2,2026-10-23 12:00,4
22,1,4,2026-10-20 18:00,3
23,2,5,2026-10-22 10:00,2
24,3,1,2026-10-24 15:00,5
25,1,11,2026-10-23 19:00,4
26,2,7,2026-10-25 13:00,3
27,3,3,2026-10-26 11:00,1
28,1,5,2026-10-24 16:00,5
29,2,4,2026-10-26 09:00,2
30,3,2,2026-10-27 17:00,4