Заказ,Операция,Ресурс,Время начала,Время окончания
Заказ #1,Операция 10,ЧПУ Alpha,2025-03-05 08:00:00,2025-03-05 11:00:00
Заказ #1,Операция 10,Иванов И. (Токарь),2025-03-05 08:00:00,2025-03-05 11:00:00
Заказ #1,Операция 11,ЧПУ Beta,2025-03-05 11:00:00,2025-03-05 13:00:00
Заказ #1,Операция 11,Иванов И. (Токарь),2025-03-05 11:00:00,2025-03-05 13:00:00
Заказ #1,Операция 12,ЧПУ Alpha,2025-03-05 13:00:00,2025-03-05 14:00:00
Заказ #1,Операция 12,Иванов И. (Токарь),2025-03-05 13:00:00,2025-03-05 14:00:00
Заказ #2,Операция 20,ЧПУ Beta,2025-03-05 08:00:00,2025-03-05 10:00:00
Заказ #2,Операция 20,Петров П. (Фрезеровщик),2025-03-05 08:00:00,2025-03-05 10:00:00
Заказ #2,Операция 21,ЧПУ Beta,2025-03-05 10:00:00,2025-03-05 11:00:00
Заказ #2,Операция 21,Петров П. (Фрезеровщик),2025-03-05 10:00:00,2025-03-05 11:00:00
Заказ #3,Операция 30,ЧПУ Beta,2025-03-05 13:00:00,2025-03-05 18:00:00
Заказ #3,Операция 30,Петров П. (Фрезеровщик),2025-03-05 13:00:00,2025-03-05 18:00:00
Заказ #3,Операция 31,ЧПУ Alpha,2025-03-05 18:00:00,2025-03-05 20:00:00
Заказ #3,Операция 31,Иванов И. (Токарь),2025-03-05 18:00:00,2025-03-05 20:00:00
Заказ #4,Операция 10,ЧПУ Alpha,2025-03-05 14:00:00,2025-03-05 17:00:00
Заказ #4,Операция 10,Иванов И. (Токарь),2025-03-05 14:00:00,2025-03-05 17:00:00
Заказ #4,Операция 11,ЧПУ Beta,2025-03-05 18:00:00,2025-03-05 20:00:00
Заказ #4,Операция 11,Петров П. (Фрезеровщик),2025-03-05 18:00:00,2025-03-05 20:00:00
Заказ #4,Операция 12,ЧПУ Alpha,2025-03-05 20:00:00,2025-03-05 21:00:00
Заказ #4,Операция 12,Иванов И. (Токарь),2025-03-05 20:00:00,2025-03-05 21:00:00
Заказ #5,Операция 20,ЧПУ Alpha,2025-03-05 11:00:00,2025-03-05 13:00:00
Заказ #5,Операция 20,Петров П. (Фрезеровщик),2025-03-05 11:00:00,2025-03-05 13:00:00
Заказ #5,Операция 21,ЧПУ Alpha,2025-03-05 17:00:00,2025-03-05 18:00:00
Заказ #5,Операция 21,Иванов И. (Токарь),2025-03-05 17:00:00,2025-03-05 18:00:00
Заказ #6,Операция 30,ЧПУ Beta,2025-03-05 20:00:00,2025-03-06 01:00:00
Заказ #6,Операция 30,Петров П. (Фрезеровщик),2025-03-05 20:00:00,2025-03-06 01:00:00
Заказ #6,Операция 31,ЧПУ Alpha,2025-03-06 01:00:00,2025-03-06 03:00:00
Заказ #6,Операция 31,Иванов И. (Токарь),2025-03-06 01:00:00,2025-03-06 03:00:00
Заказ #7,Операция 10,ЧПУ Alpha,2025-03-05 21:00:00,2025-03-06 00:00:00
Заказ #7,Операция 10,Иванов И. (Токарь),2025-03-05 21:00:00,2025-03-06 00:00:00
Заказ #7,Операция 11,ЧПУ Beta,2025-03-06 01:00:00,2025-03-06 03:00:00
Заказ #7,Операция 11,Петров П. (Фрезеровщик),2025-03-06 01:00:00,2025-03-06 03:00:00
Заказ #7,Операция 12,ЧПУ Alpha,2025-03-06 03:00:00,2025-03-06 04:00:00
Заказ #7,Операция 12,Иванов И. (Токарь),2025-03-06 03:00:00,2025-03-06 04:00:00
Заказ #8,Операция 20,ЧПУ Beta,2025-03-06 03:00:00,2025-03-06 05:00:00
Заказ #8,Операция 20,Петров П. (Фрезеровщик),2025-03-06 03:00:00,2025-03-06 05:00:00
Заказ #8,Операция 21,ЧПУ Alpha,2025-03-06 05:00:00,2025-03-06 06:00:00
Заказ #8,Операция 21,Иванов И. (Токарь),2025-03-06 05:00:00,2025-03-06 06:00:00
Заказ #9,Операция 30,ЧПУ Beta,2025-03-06 05:00:00,2025-03-06 10:00:00
Заказ #9,Операция 30,Петров П. (Фрезеровщик),2025-03-06 05:00:00,2025-03-06 10:00:00
Заказ #9,Операция 31,ЧПУ Alpha,2025-03-06 10:00:00,2025-03-06 12:00:00
Заказ #9,Операция 31,Иванов И. (Токарь),2025-03-06 10:00:00,2025-03-06 12:00:00
Заказ #10,Операция 10,ЧПУ Alpha,2025-03-06 06:00:00,2025-03-06 09:00:00
Заказ #10,Операция 10,Иванов И. (Токарь),2025-03-06 06:00:00,2025-03-06 09:00:00
Заказ #10,Операция 11,ЧПУ Beta,2025-03-06 10:00:00,2025-03-06 12:00:00
Заказ #10,Операция 11,Петров П. (Фрезеровщик),2025-03-06 10:00:00,2025-03-06 12:00:00
Заказ #10,Операция 12,ЧПУ Alpha,2025-03-06 12:00:00,2025-03-06 13:00:00
Заказ #10,Операция 12,Иванов И. (Токарь),2025-03-06 12:00:00,2025-03-06 13:00:00
